journal_id,journal_name,issns
algebras-and-representation-theory,Algebras and Representation Theory,1386-923X;1572-9079
journal-of-algebra,Journal of Algebra,0021-8693;1090-266X
journal-of-group-theory,Journal of Group Theory,1433-5883;1435-4446
journal-of-pure-and-applied-algebra,Journal of Pure and Applied Algebra,0022-4049
representation-theory,Representation Theory,1088-4165
acta-arithmetica,Acta Arithmetica,0065-1036;1730-6264
algebra-and-number-theory,Algebra & Number Theory,1937-0652;1944-7833
algebraic-geometry,Algebraic Geometry,2214-2584
journal-of-algebraic-geometry,Journal of Algebraic Geometry,1056-3911;1534-7486
journal-of-number-theory,Journal of Number Theory,0022-314X;1096-1658
analysis-and-pde,Analysis & PDE,1948-206X;2157-5045
annales-de-l-institut-henri-poincare-c-analyse-non-lineaire,"Annales de l'Institut Henri Poincaré C, Analyse non linéaire",0294-1449;1873-1430
archive-for-rational-mechanics-and-analysis,Archive for Rational Mechanics and Analysis,0003-9527;1432-0673
communications-on-pure-and-applied-mathematics,Communications on Pure and Applied Mathematics,0010-3640;1097-0312
journal-of-functional-analysis,Journal of Functional Analysis,0022-1236;1096-0783
foundations-of-computational-mathematics,Foundations of Computational Mathematics,1615-3375;1615-3383
mathematics-of-computation,Mathematics of Computation,0025-5718;1088-6842
numerische-mathematik,Numerische Mathematik,0029-599X;0945-3245
siam-journal-on-applied-mathematics,SIAM Journal on Applied Mathematics,0036-1399;1095-712X
siam-journal-on-numerical-analysis,SIAM Journal on Numerical Analysis,0036-1429;1095-7170
algebraic-combinatorics,Algebraic Combinatorics,2589-5486
combinatorica,Combinatorica,0209-9683;1439-6912
journal-of-combinatorial-theory-series-a,"Journal of Combinatorial Theory, Series A",0097-3165;1096-0899
journal-of-combinatorial-theory-series-b,"Journal of Combinatorial Theory, Series B",0095-8956;1096-0902
the-electronic-journal-of-combinatorics,The Electronic Journal of Combinatorics,1077-8926
ergodic-theory-and-dynamical-systems,Ergodic Theory and Dynamical Systems,0143-3857;1469-4417
nonlinearity,Nonlinearity,0951-7715;1361-6544
asterisque,Astérisque,0303-1179;2492-5926
l-enseignement-mathematique,L'Enseignement Mathématique,0013-8584;2309-4672
memoirs-of-the-american-mathematical-society,Memoirs of the American Mathematical Society,0065-9266;1947-6221
acta-mathematica,Acta Mathematica,0001-5962;1871-2509
advances-in-mathematics,Advances in Mathematics,0001-8708;1090-2082
american-journal-of-mathematics,American Journal of Mathematics,0002-9327;1080-6377
annales-scientifiques-de-l-ecole-normale-superieure,Annales scientifiques de l'École Normale Supérieure,0012-9593;1873-2151
annals-of-mathematics,Annals of Mathematics,0003-486X;1939-8980
bulletin-of-the-australian-mathematical-society,Bulletin of the Australian Mathematical Society,0004-9727;1755-1633
bulletin-of-the-london-mathematical-society,Bulletin of the London Mathematical Society,0024-6093;1469-2120
commentarii-mathematici-helvetici,Commentarii Mathematici Helvetici,0010-2571;1420-8946
compositio-mathematica,Compositio Mathematica,0010-437X;1570-5846
duke-mathematical-journal,Duke Mathematical Journal,0012-7094;1547-7398
forum-of-mathematics-pi,"Forum of Mathematics, Pi",2050-5086
forum-of-mathematics-sigma,"Forum of Mathematics, Sigma",2050-5094
glasgow-mathematical-journal,Glasgow Mathematical Journal,0017-0895;1469-509X
glasnik-matematicki,Glasnik Matematički,0017-095X;1846-7989
international-mathematics-research-notices,International Mathematics Research Notices,1073-7928;1687-0247
inventiones-mathematicae,Inventiones Mathematicae,0020-9910;1432-1297
israel-journal-of-mathematics,Israel Journal of Mathematics,0021-2172;1565-8511
journal-fur-die-reine-und-angewandte-mathematik,Journal für die reine und angewandte Mathematik,0075-4102;1435-5345
journal-of-the-american-mathematical-society,Journal of the American Mathematical Society,0894-0347;1088-6834
journal-of-the-european-mathematical-society,Journal of the European Mathematical Society,1435-9855;1435-9863
journal-of-the-london-mathematical-society,Journal of the London Mathematical Society,0024-6107;1469-7750
mathematical-research-letters,Mathematical Research Letters,1073-2780;1945-001X
mathematische-annalen,Mathematische Annalen,0025-5831;1432-1807
mathematische-zeitschrift,Mathematische Zeitschrift,0025-5874;1432-1823
michigan-mathematical-journal,Michigan Mathematical Journal,0026-2285;1945-2365
new-york-journal-of-mathematics,New York Journal of Mathematics,1076-9803
pacific-journal-of-mathematics,Pacific Journal of Mathematics,0030-8730;1945-5844
proceedings-of-the-american-mathematical-society,Proceedings of the American Mathematical Society,0002-9939;1088-6826
proceedings-of-the-edinburgh-mathematical-society,Proceedings of the Edinburgh Mathematical Society,0013-0915;1464-3839
proceedings-of-the-london-mathematical-society,Proceedings of the London Mathematical Society,0024-6115;1460-244X
publications-mathematiques-de-l-ihes,Publications Mathématiques de l'IHÉS,0073-8301;1618-1913
rocky-mountain-journal-of-mathematics,Rocky Mountain Journal of Mathematics,0035-7596
selecta-mathematica,Selecta Mathematica,1022-1824;1420-9020
transactions-of-the-american-mathematical-society,Transactions of the American Mathematical Society,0002-9947;1088-6850
algebraic-and-geometric-topology,Algebraic & Geometric Topology,1472-2739;1472-2747
geometriae-dedicata,Geometriae Dedicata,0046-5755;1572-9168
geometric-and-functional-analysis,Geometric and Functional Analysis,1016-443X;1420-8970
geometry-and-topology,Geometry & Topology,1364-0380;1465-3060
groups-geometry-and-dynamics,"Groups, Geometry, and Dynamics",1661-7207;1661-7215
journal-of-differential-geometry,Journal of Differential Geometry,0022-040X;1945-743X
journal-of-knot-theory-and-its-ramifications,Journal of Knot Theory and Its Ramifications,0218-2165;1793-6527
journal-of-topology,Journal of Topology,1753-8416;1753-8424
journal-of-topology-and-analysis,Journal of Topology and Analysis,1793-5253;1793-7167
topology-and-its-applications,Topology and its Applications,0166-8641;1879-3207
archive-for-history-of-exact-sciences,Archive for History of Exact Sciences,0003-9519;1432-0657
historia-mathematica,Historia Mathematica,0315-0860;1090-249X
ieee-transactions-on-information-theory,IEEE Transactions on Information Theory,0018-9448;1557-9654
siam-journal-on-mathematics-of-data-science,SIAM Journal on Mathematics of Data Science,2577-0187
annals-of-pure-and-applied-logic,Annals of Pure and Applied Logic,0168-0072;1873-2461
journal-of-mathematical-logic,Journal of Mathematical Logic,0219-0613;1793-6691
the-journal-of-symbolic-logic,The Journal of Symbolic Logic,0022-4812;1943-5886
journal-of-mathematical-biology,Journal of Mathematical Biology,0303-6812;1432-1416
siam-journal-on-financial-mathematics,SIAM Journal on Financial Mathematics,1945-497X
annales-henri-poincare,Annales Henri Poincaré,1424-0637;1424-0661
communications-in-mathematical-physics,Communications in Mathematical Physics,0010-3616;1432-0916
journal-of-mathematical-physics,Journal of Mathematical Physics,0022-2488;1089-7658
journal-of-physics-a-mathematical-and-theoretical,Journal of Physics A: Mathematical and Theoretical,1751-8113;1751-8121
mathematical-programming,Mathematical Programming,0025-5610;1436-4646
siam-journal-on-control-and-optimization,SIAM Journal on Control and Optimization,0363-0129;1095-7138
siam-journal-on-optimization,SIAM Journal on Optimization,1052-6234;1095-7189
bernoulli,Bernoulli,1350-7265
probability-theory-and-related-fields,Probability Theory and Related Fields,0178-8051;1432-2064
the-annals-of-applied-probability,The Annals of Applied Probability,1050-5164;2168-8737
the-annals-of-probability,The Annals of Probability,0091-1798;2168-894X
the-annals-of-statistics,The Annals of Statistics,0090-5364;2168-8966
